Workbook

Sheet Tabela
J6: Informações de Produtos
J8: Cod. Produto | K8: Descrição | L8: Valor und. | M8: Qtd. Min | N8: Qtd. Max
J9: 40020891 | K9: Fone de Ouvido Noise Cancelling Pro | L9: =RANDBETWEEN(50,500) -> 72 | M9: =RANDBETWEEN(1,200) -> 195 | N9: =RANDBETWEEN(200,500) -> 353
J10: 40020892 | K10: Soundbar Surround 5.1 | L10: =RANDBETWEEN(50,500) -> 156 | M10: =RANDBETWEEN(1,200) -> 147 | N10: =RANDBETWEEN(200,500) -> 292
J11: 40020893 | K11: Caixa de Som Bluetooth À Prova D'água | L11: =RANDBETWEEN(50,500) -> 69 | M11: =RANDBETWEEN(1,200) -> 125 | N11: =RANDBETWEEN(200,500) -> 257
J12: 40020894 | K12: Microfone Condensador USB | L12: =RANDBETWEEN(50,500) -> 206 | M12: =RANDBETWEEN(1,200) -> 187 | N12: =RANDBETWEEN(200,500) -> 496
J13: 40020895 | K13: Mouse Gamer RGB 12.000 DPI | L13: =RANDBETWEEN(50,500) -> 317 | M13: =RANDBETWEEN(1,200) -> 11 | N13: =RANDBETWEEN(200,500) -> 445
J14: 40020896 | K14: Teclado Mecânico Compacto (60%) | L14: =RANDBETWEEN(50,500) -> 167 | M14: =RANDBETWEEN(1,200) -> 148 | N14: =RANDBETWEEN(200,500) -> 485
J15: 40020897 | K15: Monitor UltraWide 34" | L15: =RANDBETWEEN(50,500) -> 491 | M15: =RANDBETWEEN(1,200) -> 121 | N15: =RANDBETWEEN(200,500) -> 496
J16: 40020898 | K16: Webcam Full HD 1080p | L16: =RANDBETWEEN(50,500) -> 79 | M16: =RANDBETWEEN(1,200) -> 187 | N16: =RANDBETWEEN(200,500) -> 215
J17: 40020899 | K17: Smartwatch Sport Edition | L17: =RANDBETWEEN(50,500) -> 240 | M17: =RANDBETWEEN(1,200) -> 162 | N17: =RANDBETWEEN(200,500) -> 273
J18: 40020900 | K18: Carregador por Indução 15W | L18: =RANDBETWEEN(50,500) -> 84 | M18: =RANDBETWEEN(1,200) -> 165 | N18: =RANDBETWEEN(200,500) -> 235
J19: 40020901 | K19: Smartphone Z-Series | L19: =RANDBETWEEN(50,500) -> 121 | M19: =RANDBETWEEN(1,200) -> 79 | N19: =RANDBETWEEN(200,500) -> 323
J20: 40020902 | K20: Power Bank 20.000mAh | L20: =RANDBETWEEN(50,500) -> 288 | M20: =RANDBETWEEN(1,200) -> 63 | N20: =RANDBETWEEN(200,500) -> 376
... J28: 40020910 | K28: Adaptador Hub USB-C 7 em 1 | L28: =RANDBETWEEN(50,500) -> 475 | M28: =RANDBETWEEN(1,200) -> 145 | N28: =RANDBETWEEN(200,500) -> 209

Sheet Compras
J5: Controle de Compras
I7: Cod. Produto | J7: Descrição | K7: Valor und. | L7: Qtd Compra | M7: Total
I8: =Tabela!J9 -> 40020891 | J8: =Tabela!K9 -> Fone de Ouvido Noise Cancelling Pro | K8: =Tabela!L9 -> 72 | L8: =RANDBETWEEN(1,500) -> 34 | M8: =L8*K8 -> 2448
I9: =Tabela!J10 -> 40020892 | J9: =Tabela!K10 -> Soundbar Surround 5.1 | K9: =Tabela!L10 -> 156 | L9: =RANDBETWEEN(1,500) -> 235 | M9: =L9*K9 -> 36660
I10: =Tabela!J11 -> 40020893 | J10: =Tabela!K11 -> Caixa de Som Bluetooth À Prova D'água | K10: =Tabela!L11 -> 69 | L10: =RANDBETWEEN(1,500) -> 160 | M10: =L10*K10 -> 11040
I11: =Tabela!J12 -> 40020894 | J11: =Tabela!K12 -> Microfone Condensador USB | K11: =Tabela!L12 -> 206 | L11: =RANDBETWEEN(1,500) -> 480 | M11: =L11*K11 -> 98880
I12: =Tabela!J13 -> 40020895 | J12: =Tabela!K13 -> Mouse Gamer RGB 12.000 DPI | K12: =Tabela!L13 -> 317 | L12: =RANDBETWEEN(1,500) -> 417 | M12: =L12*K12 -> 132189
I13: =Tabela!J14 -> 40020896 | J13: =Tabela!K14 -> Teclado Mecânico Compacto (60%) | K13: =Tabela!L14 -> 167 | L13: =RANDBETWEEN(1,500) -> 294 | M13: =L13*K13 -> 49098
I14: =Tabela!J15 -> 40020897 | J14: =Tabela!K15 -> Monitor UltraWide 34" | K14: =Tabela!L15 -> 491 | L14: =RANDBETWEEN(1,500) -> 167 | M14: =L14*K14 -> 81997
I15: =Tabela!J16 -> 40020898 | J15: =Tabela!K16 -> Webcam Full HD 1080p | K15: =Tabela!L16 -> 79 | L15: =RANDBETWEEN(1,500) -> 69 | M15: =L15*K15 -> 5451
I16: =Tabela!J17 -> 40020899 | J16: =Tabela!K17 -> Smartwatch Sport Edition | K16: =Tabela!L17 -> 240 | L16: =RANDBETWEEN(1,500) -> 446 | M16: =L16*K16 -> 107040
I17: =Tabela!J18 -> 40020900 | J17: =Tabela!K18 -> Carregador por Indução 15W | K17: =Tabela!L18 -> 84 | L17: =RANDBETWEEN(1,500) -> 104 | M17: =L17*K17 -> 8736
I18: =Tabela!J19 -> 40020901 | J18: =Tabela!K19 -> Smartphone Z-Series | K18: =Tabela!L19 -> 121 | L18: =RANDBETWEEN(1,500) -> 2 | M18: =L18*K18 -> 242
I19: =Tabela!J20 -> 40020902 | J19: =Tabela!K20 -> Power Bank 20.000mAh | K19: =Tabela!L20 -> 288 | L19: =RANDBETWEEN(1,500) -> 184 | M19: =L19*K19 -> 52992
... I27: =Tabela!J28 -> 40020910 | J27: =Tabela!K28 -> Adaptador Hub USB-C 7 em 1 | K27: =Tabela!L28 -> 475 | L27: =RANDBETWEEN(1,500) -> 1 | M27: =L27*K27 -> 475
I29: Total do Pedido
I30: =SUM(M8:M27) -> 1024494

Sheet Tabela Números
G5: Nmr 1 | H5: Nmr 2 | I5: Soma | J5: Subtração | K5: Multiplicação | L5: Divisão
G6: =RANDBETWEEN(1, 10000) -> 9295 | H6: =RANDBETWEEN(1, 10000) -> 8570 | I6: =G6+H6 -> 17865 | J6: =G6-H6 -> 725 | K6: =G6*H6 -> 79658150 | L6: =G6/H6 -> 1.0845974
G7: =RANDBETWEEN(1, 10000) -> 3375 | H7: =RANDBETWEEN(1, 10000) -> 2745 | I7: =G7+H7 -> 6120 | J7: =G7-H7 -> 630 | K7: =G7*H7 -> 9264375 | L7: =G7/H7 -> 1.2295082
G8: =RANDBETWEEN(1, 10000) -> 9113 | H8: =RANDBETWEEN(1, 10000) -> 5839 | I8: =G8+H8 -> 14952 | J8: =G8-H8 -> 3274 | K8: =G8*H8 -> 53210807 | L8: =G8/H8 -> 1.5607125
G9: =RANDBETWEEN(1, 10000) -> 7699 | H9: =RANDBETWEEN(1, 10000) -> 4357 | I9: =G9+H9 -> 12056 | J9: =G9-H9 -> 3342 | K9: =G9*H9 -> 33544543 | L9: =G9/H9 -> 1.7670415
G10: =RANDBETWEEN(1, 10000) -> 8190 | H10: =RANDBETWEEN(1, 10000) -> 4660 | I10: =G10+H10 -> 12850 | J10: =G10-H10 -> 3530 | K10: =G10*H10 -> 38165400 | L10: =G10/H10 -> 1.7575107
G11: =RANDBETWEEN(1, 10000) -> 4296 | H11: =RANDBETWEEN(1, 10000) -> 7112 | I11: =G11+H11 -> 11408 | J11: =G11-H11 -> -2816 | K11: =G11*H11 -> 30553152 | L11: =G11/H11 -> 0.60404949
G12: =RANDBETWEEN(1, 10000) -> 4116 | H12: =RANDBETWEEN(1, 10000) -> 9031 | I12: =G12+H12 -> 13147 | J12: =G12-H12 -> -4915 | K12: =G12*H12 -> 37171596 | L12: =G12/H12 -> 0.45576348
G13: =RANDBETWEEN(1, 10000) -> 430 | H13: =RANDBETWEEN(1, 10000) -> 1197 | I13: =G13+H13 -> 1627 | J13: =G13-H13 -> -767 | K13: =G13*H13 -> 514710 | L13: =G13/H13 -> 0.35923141
G14: =RANDBETWEEN(1, 10000) -> 9387 | H14: =RANDBETWEEN(1, 10000) -> 6965 | I14: =G14+H14 -> 16352 | J14: =G14-H14 -> 2422 | K14: =G14*H14 -> 65380455 | L14: =G14/H14 -> 1.3477387
G15: =RANDBETWEEN(1, 10000) -> 9292 | H15: =RANDBETWEEN(1, 10000) -> 6311 | I15: =G15+H15 -> 15603 | J15: =G15-H15 -> 2981 | K15: =G15*H15 -> 58641812 | L15: =G15/H15 -> 1.4723499
G16: =RANDBETWEEN(1, 10000) -> 2221 | H16: =RANDBETWEEN(1, 10000) -> 8990 | I16: =G16+H16 -> 11211 | J16: =G16-H16 -> -6769 | K16: =G16*H16 -> 19966790 | L16: =G16/H16 -> 0.24705228

Sheet Tabela Funções
E4: Nmr 1 | F4: Nmr 2 | G4: Soma | H4: Subtração | I4: Multiplicação | J4: Divisão | K4: Média | L4: Máximo | M4: Mínimo | N4: Condições
E5: =RANDBETWEEN(1, 10000) -> 2360 | F5: =RANDBETWEEN(1, 10000) -> 5691 | G5: =SUM(E5:F5) -> 8051 | H5: =E5-F5 -> -3331 | I5: =E5*F5 -> 13430760 | J5: =E5/F5 -> 0.41468986 | K5: =MEDIAN(E5:F5) -> 4025.5 | L5: =MAX(E5:F5) -> 5691 | M5: =MIN(E5:F5) -> 2360 | N5: =IF(E5>=F5,"O 1° é maior","O 2° é maior") -> O 2° é maior
E6: =RANDBETWEEN(1, 10000) -> 7635 | F6: =RANDBETWEEN(1, 10000) -> 8035 | G6: =SUM(E6:F6) -> 15670 | H6: =E6-F6 -> -400 | I6: =E6*F6 -> 61347225 | J6: =E6/F6 -> 0.9502178 | K6: =MEDIAN(E6:F6) -> 7835 | L6: =MAX(E6:F6) -> 8035 | M6: =MIN(E6:F6) -> 7635 | N6: =IF(E6>=F6,"O 1° é maior","O 2° é maior") -> O 2° é maior
E7: =RANDBETWEEN(1, 10000) -> 1378 | F7: =RANDBETWEEN(1, 10000) -> 4860 | G7: =SUM(E7:F7) -> 6238 | H7: =E7-F7 -> -3482 | I7: =E7*F7 -> 6697080 | J7: =E7/F7 -> 0.28353909 | K7: =MEDIAN(E7:F7) -> 3119 | L7: =MAX(E7:F7) -> 4860 | M7: =MIN(E7:F7) -> 1378 | N7: =IF(E7>=F7,"O 1° é maior","O 2° é maior") -> O 2° é maior
E8: =RANDBETWEEN(1, 10000) -> 6038 | F8: =RANDBETWEEN(1, 10000) -> 7056 | G8: =SUM(E8:F8) -> 13094 | H8: =E8-F8 -> -1018 | I8: =E8*F8 -> 42604128 | J8: =E8/F8 -> 0.85572562 | K8: =MEDIAN(E8:F8) -> 6547 | L8: =MAX(E8:F8) -> 7056 | M8: =MIN(E8:F8) -> 6038 | N8: =IF(E8>=F8,"O 1° é maior","O 2° é maior") -> O 2° é maior
E9: =RANDBETWEEN(1, 10000) -> 6558 | F9: =RANDBETWEEN(1, 10000) -> 4699 | G9: =SUM(E9:F9) -> 11257 | H9: =E9-F9 -> 1859 | I9: =E9*F9 -> 30816042 | J9: =E9/F9 -> 1.3956161 | K9: =MEDIAN(E9:F9) -> 5628.5 | L9: =MAX(E9:F9) -> 6558 | M9: =MIN(E9:F9) -> 4699 | N9: =IF(E9>=F9,"O 1° é maior","O 2° é maior") -> O 1° é maior
E10: =RANDBETWEEN(1, 10000) -> 7792 | F10: =RANDBETWEEN(1, 10000) -> 8961 | G10: =SUM(E10:F10) -> 16753 | H10: =E10-F10 -> -1169 | I10: =E10*F10 -> 69824112 | J10: =E10/F10 -> 0.86954581 | K10: =MEDIAN(E10:F10) -> 8376.5 | L10: =MAX(E10:F10) -> 8961 | M10: =MIN(E10:F10) -> 7792 | N10: =IF(E10>=F10,"O 1° é maior","O 2° é maior") -> O 2° é maior
E11: =RANDBETWEEN(1, 10000) -> 4873 | F11: =RANDBETWEEN(1, 10000) -> 7005 | G11: =SUM(E11:F11) -> 11878 | H11: =E11-F11 -> -2132 | I11: =E11*F11 -> 34135365 | J11: =E11/F11 -> 0.69564597 | K11: =MEDIAN(E11:F11) -> 5939 | L11: =MAX(E11:F11) -> 7005 | M11: =MIN(E11:F11) -> 4873 | N11: =IF(E11>=F11,"O 1° é maior","O 2° é maior") -> O 2° é maior
E12: =RANDBETWEEN(1, 10000) -> 6420 | F12: =RANDBETWEEN(1, 10000) -> 4276 | G12: =SUM(E12:F12) -> 10696 | H12: =E12-F12 -> 2144 | I12: =E12*F12 -> 27451920 | J12: =E12/F12 -> 1.5014032 | K12: =MEDIAN(E12:F12) -> 5348 | L12: =MAX(E12:F12) -> 6420 | M12: =MIN(E12:F12) -> 4276 | N12: =IF(E12>=F12,"O 1° é maior","O 2° é maior") -> O 1° é maior
E13: =RANDBETWEEN(1, 10000) -> 7589 | F13: =RANDBETWEEN(1, 10000) -> 4226 | G13: =SUM(E13:F13) -> 11815 | H13: =E13-F13 -> 3363 | I13: =E13*F13 -> 32071114 | J13: =E13/F13 -> 1.795788 | K13: =MEDIAN(E13:F13) -> 5907.5 | L13: =MAX(E13:F13) -> 7589 | M13: =MIN(E13:F13) -> 4226 | N13: =IF(E13>=F13,"O 1° é maior","O 2° é maior") -> O 1° é maior
E14: =RANDBETWEEN(1, 10000) -> 9337 | F14: =RANDBETWEEN(1, 10000) -> 5613 | G14: =SUM(E14:F14) -> 14950 | H14: =E14-F14 -> 3724 | I14: =E14*F14 -> 52408581 | J14: =E14/F14 -> 1.6634598 | K14: =MEDIAN(E14:F14) -> 7475 | L14: =MAX(E14:F14) -> 9337 | M14: =MIN(E14:F14) -> 5613 | N14: =IF(E14>=F14,"O 1° é maior","O 2° é maior") -> O 1° é maior
E15: =RANDBETWEEN(1, 10000) -> 1100 | F15: =RANDBETWEEN(1, 10000) -> 8156 | G15: =SUM(E15:F15) -> 9256 | H15: =E15-F15 -> -7056 | I15: =E15*F15 -> 8971600 | J15: =E15/F15 -> 0.13487003 | K15: =MEDIAN(E15:F15) -> 4628 | L15: =MAX(E15:F15) -> 8156 | M15: =MIN(E15:F15) -> 1100 | N15: =IF(E15>=F15,"O 1° é maior","O 2° é maior") -> O 2° é maior

Sheet PROCV
B2: JANEIRO | C2: FEVEREIRO | D2: MARÇO | E2: ABRIL | F2: MAIO | G2: JUNHO | H2: JULHO | I2: AGOSTO | J2: SETEMBRO | K2: OUTUBRO | L2: NOVEMBRO | M2: DEZEMBRO | N2: MÉDIA | O2: SITUAÇÃO | P2: TOTAIS
A3: Arroz | B3: =RANDBETWEEN(1,500) -> 405 | C3: =RANDBETWEEN(1,500) -> 442 | D3: =RANDBETWEEN(1,500) -> 210 | E3: =RANDBETWEEN(1,500) -> 319 | F3: =RANDBETWEEN(1,500) -> 403 | G3: =RANDBETWEEN(1,500) -> 308 | H3: =RANDBETWEEN(1,500) -> 164 | I3: =RANDBETWEEN(1,500) -> 84 | ... M3: =RANDBETWEEN(1,500) -> 22 | N3: =AVERAGE(B3:M3) -> 299.33333 | O3: =IF(N3<=199,"Vendeu pouco",IF(N3<=299,"Vendeu bem","Vendeu demais")) -> Vendeu demais | P3: =SUM(B3:M3) -> 3592
A4: Feijão | B4: =RANDBETWEEN(1,500) -> 492 | C4: =RANDBETWEEN(1,500) -> 440 | D4: =RANDBETWEEN(1,500) -> 236 | E4: =RANDBETWEEN(1,500) -> 114 | F4: =RANDBETWEEN(1,500) -> 158 | G4: =RANDBETWEEN(1,500) -> 155 | H4: =RANDBETWEEN(1,500) -> 422 | I4: =RANDBETWEEN(1,500) -> 134 | ... M4: =RANDBETWEEN(1,500) -> 147 | N4: =AVERAGE(B4:M4) -> 232.41667 | O4: =IF(N4<=199,"Vendeu pouco",IF(N4<=299,"Vendeu bem","Vendeu demais")) -> Vendeu bem | P4: =SUM(B4:M4) -> 2789
A5: Macarrão | B5: =RANDBETWEEN(1,500) -> 210 | C5: =RANDBETWEEN(1,500) -> 26 | D5: =RANDBETWEEN(1,500) -> 140 | E5: =RANDBETWEEN(1,500) -> 149 | F5: =RANDBETWEEN(1,500) -> 465 | G5: =RANDBETWEEN(1,500) -> 352 | H5: =RANDBETWEEN(1,500) -> 44 | I5: =RANDBETWEEN(1,500) -> 75 | ... M5: =RANDBETWEEN(1,500) -> 50 | N5: =AVERAGE(B5:M5) -> 182.33333 | O5: =IF(N5<=199,"Vendeu pouco",IF(N5<=299,"Vendeu bem","Vendeu demais")) -> Vendeu pouco | P5: =SUM(B5:M5) -> 2188
A6: Açúcar | B6: =RANDBETWEEN(1,500) -> 26 | C6: =RANDBETWEEN(1,500) -> 30 | D6: =RANDBETWEEN(1,500) -> 412 | E6: =RANDBETWEEN(1,500) -> 89 | F6: =RANDBETWEEN(1,500) -> 156 | G6: =RANDBETWEEN(1,500) -> 226 | H6: =RANDBETWEEN(1,500) -> 23 | I6: =RANDBETWEEN(1,500) -> 472 | ... M6: =RANDBETWEEN(1,500) -> 91 | N6: =AVERAGE(B6:M6) -> 197.66667 | O6: =IF(N6<=199,"Vendeu pouco",IF(N6<=299,"Vendeu bem","Vendeu demais")) -> Vendeu pouco | P6: =SUM(B6:M6) -> 2372
A7: Café | B7: =RANDBETWEEN(1,500) -> 138 | C7: =RANDBETWEEN(1,500) -> 399 | D7: =RANDBETWEEN(1,500) -> 136 | E7: =RANDBETWEEN(1,500) -> 89 | F7: =RANDBETWEEN(1,500) -> 88 | G7: =RANDBETWEEN(1,500) -> 473 | H7: =RANDBETWEEN(1,500) -> 147 | I7: =RANDBETWEEN(1,500) -> 12 | ... M7: =RANDBETWEEN(1,500) -> 425 | N7: =AVERAGE(B7:M7) -> 205.41667 | O7: =IF(N7<=199,"Vendeu pouco",IF(N7<=299,"Vendeu bem","Vendeu demais")) -> Vendeu bem | P7: =SUM(B7:M7) -> 2465
A8: Óleo de soja | B8: =RANDBETWEEN(1,500) -> 67 | C8: =RANDBETWEEN(1,500) -> 364 | D8: =RANDBETWEEN(1,500) -> 444 | E8: =RANDBETWEEN(1,500) -> 366 | F8: =RANDBETWEEN(1,500) -> 319 | G8: =RANDBETWEEN(1,500) -> 81 | H8: =RANDBETWEEN(1,500) -> 98 | I8: =RANDBETWEEN(1,500) -> 119 | ... M8: =RANDBETWEEN(1,500) -> 24 | N8: =AVERAGE(B8:M8) -> 238.5 | O8: =IF(N8<=199,"Vendeu pouco",IF(N8<=299,"Vendeu bem","Vendeu demais")) -> Vendeu bem | P8: =SUM(B8:M8) -> 2862
A9: Sal | B9: =RANDBETWEEN(1,500) -> 320 | C9: =RANDBETWEEN(1,500) -> 261 | D9: =RANDBETWEEN(1,500) -> 231 | E9: =RANDBETWEEN(1,500) -> 402 | F9: =RANDBETWEEN(1,500) -> 8 | G9: =RANDBETWEEN(1,500) -> 416 | H9: =RANDBETWEEN(1,500) -> 412 | I9: =RANDBETWEEN(1,500) -> 217 | ... M9: =RANDBETWEEN(1,500) -> 324 | N9: =AVERAGE(B9:M9) -> 270 | O9: =IF(N9<=199,"Vendeu pouco",IF(N9<=299,"Vendeu bem","Vendeu demais")) -> Vendeu bem | P9: =SUM(B9:M9) -> 3240
A10: Farinha de trigo | B10: =RANDBETWEEN(1,500) -> 131 | C10: =RANDBETWEEN(1,500) -> 36 | D10: =RANDBETWEEN(1,500) -> 6 | E10: =RANDBETWEEN(1,500) -> 381 | F10: =RANDBETWEEN(1,500) -> 107 | G10: =RANDBETWEEN(1,500) -> 67 | H10: =RANDBETWEEN(1,500) -> 279 | I10: =RANDBETWEEN(1,500) -> 105 | ... M10: =RANDBETWEEN(1,500) -> 343 | N10: =AVERAGE(B10:M10) -> 196.5 | O10: =IF(N10<=199,"Vendeu pouco",IF(N10<=299,"Vendeu bem","Vendeu demais")) -> Vendeu pouco | P10: =SUM(B10:M10) -> 2358
A11: Molho de tomate | B11: =RANDBETWEEN(1,500) -> 393 | C11: =RANDBETWEEN(1,500) -> 246 | D11: =RANDBETWEEN(1,500) -> 294 | E11: =RANDBETWEEN(1,500) -> 240 | F11: =RANDBETWEEN(1,500) -> 389 | G11: =RANDBETWEEN(1,500) -> 345 | H11: =RANDBETWEEN(1,500) -> 283 | I11: =RANDBETWEEN(1,500) -> 16 | ... M11: =RANDBETWEEN(1,500) -> 279 | N11: =AVERAGE(B11:M11) -> 275.08333 | O11: =IF(N11<=199,"Vendeu pouco",IF(N11<=299,"Vendeu bem","Vendeu demais")) -> Vendeu bem | P11: =SUM(B11:M11) -> 3301
A12: Milho e ervilha | B12: =RANDBETWEEN(1,500) -> 146 | C12: =RANDBETWEEN(1,500) -> 269 | D12: =RANDBETWEEN(1,500) -> 219 | E12: =RANDBETWEEN(1,500) -> 426 | F12: =RANDBETWEEN(1,500) -> 241 | G12: =RANDBETWEEN(1,500) -> 188 | H12: =RANDBETWEEN(1,500) -> 258 | I12: =RANDBETWEEN(1,500) -> 393 | ... M12: =RANDBETWEEN(1,500) -> 474 | N12: =AVERAGE(B12:M12) -> 288.08333 | O12: =IF(N12<=199,"Vendeu pouco",IF(N12<=299,"Vendeu bem","Vendeu demais")) -> Vendeu bem | P12: =SUM(B12:M12) -> 3457
A13: Batata | B13: =RANDBETWEEN(1,500) -> 184 | C13: =RANDBETWEEN(1,500) -> 358 | D13: =RANDBETWEEN(1,500) -> 438 | E13: =RANDBETWEEN(1,500) -> 393 | F13: =RANDBETWEEN(1,500) -> 416 | G13: =RANDBETWEEN(1,500) -> 311 | H13: =RANDBETWEEN(1,500) -> 12 | I13: =RANDBETWEEN(1,500) -> 372 | ... M13: =RANDBETWEEN(1,500) -> 233 | N13: =AVERAGE(B13:M13) -> 308.75 | O13: =IF(N13<=199,"Vendeu pouco",IF(N13<=299,"Vendeu bem","Vendeu demais")) -> Vendeu demais | P13: =SUM(B13:M13) -> 3705
A14: Cebola | B14: =RANDBETWEEN(1,500) -> 310 | C14: =RANDBETWEEN(1,500) -> 190 | D14: =RANDBETWEEN(1,500) -> 180 | E14: =RANDBETWEEN(1,500) -> 177 | F14: =RANDBETWEEN(1,500) -> 417 | G14: =RANDBETWEEN(1,500) -> 488 | H14: =RANDBETWEEN(1,500) -> 107 | I14: =RANDBETWEEN(1,500) -> 82 | ... M14: =RANDBETWEEN(1,500) -> 166 | N14: =AVERAGE(B14:M14) -> 193.41667 | O14: =IF(N14<=199,"Vendeu pouco",IF(N14<=299,"Vendeu bem","Vendeu demais")) -> Vendeu pouco | P14: =SUM(B14:M14) -> 2321
... A21: Limão | B21: =RANDBETWEEN(1,500) -> 29 | C21: =RANDBETWEEN(1,500) -> 353 | D21: =RANDBETWEEN(1,500) -> 481 | E21: =RANDBETWEEN(1,500) -> 8 | F21: =RANDBETWEEN(1,500) -> 32 | G21: =RANDBETWEEN(1,500) -> 435 | H21: =RANDBETWEEN(1,500) -> 319 | I21: =RANDBETWEEN(1,500) -> 471 | ... M21: =RANDBETWEEN(1,500) -> 387 | N21: =AVERAGE(B21:M21) -> 300.41667 | O21: =IF(N21<=199,"Vendeu pouco",IF(N21<=299,"Vendeu bem","Vendeu demais")) -> Vendeu demais | P21: =SUM(B21:M21) -> 3605
